EMAIL,PSWDHASH,ROLE,CREATED,TITLE,FIRST_NAME,MIDDLE_NAME,LAST_NAME,DOB,NIN
userbull@email.com,-142266814,user,,Ms,Karina,,Bull,1990/05/30,XX999999Z
userpaget@email.com,-142266814,user,,Mr,Darren,,Paget,1990/05/27,XX999999Z
userschneider@email.com,-142266814,user,,Mr,Ben,,Schneider,1991/06/13,XX999999Z
usermarshall@email.com,-142266814,user,,Mr,Luke,,Marshall,1991/04/30,XX999999Z
useroyeleke@email.com,-142266814,user,,Mr,Samuel,,Oyeleke,1991/01/20,XX999999Z
userbates@email.com,-142266814,user,,Mr,Darren,,Bates,1989/06/13,XX999999Z
userazizi@email.com,-142266814,user,,Mr,Walid,,Azizi,1992/05/17,XX999999Z
usercolley@email.com,-142266814,user,,Mr,Kyle,,Colley,1994/01/28,XX999999Z
userphillips@email.com,-142266814,user,,Mr,Steven,,Phillips,1991/01/30,XX999999Z
usermacgregor@email.com,-142266814,user,,Ms,Catherine,,MacGregor,1993/01/05,XX999999Z
usersun@email.com,-142266814,user,,Mr,Chenguang,,Sun,1988/09/05,XX999999Z
userhargreaves@email.com,-142266814,user,,Ms,Amy,,Hargreaves,1990/06/21,XX999999Z
userali@email.com,-142266814,user,,Mr,Yousuf,,Ali,1993/01/20,XX999999Z
userchallenger@email.com,-142266814,user,,Ms,Lisa,,Challenger,1993/12/29,XX999999Z
userlakes@email.com,-142266814,user,,Mr,Jamie,,Lakes,1993/04/17,XX999999Z
usero'beirne@email.com,-142266814,user,,Mr,Daniel,,O'beirne,1994/02/21,XX999999Z
userbostock@email.com,-142266814,user,,Mr,Richard,,Bostock,1992/10/19,XX999999Z
userlamb@email.com,-142266814,user,,Mr,Thomas,,Lamb,1991/08/23,XX999999Z
useryadav@email.com,-142266814,user,,Mr,Deepak,,Yadav,1989/02/18,XX999999Z
userwalker@email.com,-142266814,user,,Mr,Jordan,,Walker,1991/05/17,XX999999Z
userscanlon@email.com,-142266814,user,,Mr,Sean,,Scanlon,1992/02/21,XX999999Z
usermacleod@email.com,-142266814,user,,Mr,John,,Macleod,1991/09/09,XX999999Z
userburr@email.com,-142266814,user,,Mr,Nicholas,,Burr,1993/09/18,XX999999Z
usergilbert@email.com,-142266814,user,,Ms,Natalie,,Gilbert,1988/09/01,XX999999Z
userkendall@email.com,-142266814,user,,Mr,Dali,,Kendall,1993/01/03,XX999999Z
userlemon@email.com,-142266814,user,,Ms,Emma,,Lemon,1992/08/28,XX999999Z
userasikpo-okon@email.com,-142266814,user,,Mr,Edmond,,Asikpo-okon,1993/08/10,XX999999Z
userchadwick@email.com,-142266814,user,,Mr,Craig,,Chadwick,1993/08/14,XX999999Z
userkodra@email.com,-142266814,user,,Mr,James,,Kodra,1987/11/15,XX999999Z
usergreen@email.com,-142266814,user,,Mr,Owen,,Green,1991/05/31,XX999999Z
userjoughin@email.com,-142266814,user,,Ms,Katharine,,Joughin,1992/05/21,XX999999Z
userchouvier-taylor@email.com,-142266814,user,,Ms,Stacey,,Chouvier-taylor,1987/11/06,XX999999Z
userirving@email.com,-142266814,user,,Mr,Samuel,,Irving,1992/04/08,XX999999Z
userpalmer@email.com,-142266814,user,,Ms,Elise,,Palmer,1993/11/28,XX999999Z
userhallett@email.com,-142266814,user,,Mr,Ryan,,Hallett,1990/09/09,XX999999Z
usertaylor1@email.com,-142266814,user,,Mr,Stuart,,Taylor,1987/10/01,XX999999Z
usertaylor@email.com,-142266814,user,,Mr,Chris,,Taylor,1990/12/14,XX999999Z
userwinwood@email.com,-142266814,user,,Mr,Tim,,Winwood,1990/01/28,XX999999Z
userhayat@email.com,-142266814,user,,Ms,Umar,,Hayat,1993/11/27,XX999999Z
userfaux@email.com,-142266814,user,,Mr,Kiel,,Faux,1987/01/30,XX999999Z
userbailey@email.com,-142266814,user,,Mr,Luke-anthony,,Bailey,1990/03/31,XX999999Z
userbarauskaite@email.com,-142266814,user,,Ms,Viktorija,,Barauskaite,1989/08/18,XX999999Z
userford@email.com,-142266814,user,,Mr,Michael,,Ford,1994/04/07,XX999999Z
usersnelgrove@email.com,-142266814,user,,Mr,John,,Snelgrove,1992/02/01,XX999999Z
usercollins@email.com,-142266814,user,,Ms,Jemma,,Collins,1990/03/23,XX999999Z
userfrewer@email.com,-142266814,user,,Ms,Claire,,Frewer,1989/10/15,XX999999Z
usersimmonds@email.com,-142266814,user,,Mr,Jack,,Simmonds,1988/10/23,XX999999Z
usermckay@email.com,-142266814,user,,Ms,Stacey-lee,,Mckay,1991/07/28,XX999999Z
userchapman@email.com,-142266814,user,,Mr,Ben,,Chapman,1990/05/22,XX999999Z
userbuggy@email.com,-142266814,user,,Mr,Christopher,,Buggy,1989/02/21,XX999999Z
userstefanou@email.com,-142266814,user,,Ms,Jessica,,Stefanou,1989/01/03,XX999999Z
userskutela@email.com,-142266814,user,,Mr,Joe,,Skutela,1992/02/01,XX999999Z
userhutsby@email.com,-142266814,user,,Mr,Bridie,,Hutsby,1988/02/09,XX999999Z
userhyman@email.com,-142266814,user,,Mr,Kamal,,Hyman,1964/01/15,XX999999Z
userjones@email.com,-142266814,user,,Mr,Michael,,Jones,1990/05/07,XX999999Z
userflinders@email.com,-142266814,user,,Mr,Matthew,,Flinders,1989/06/07,XX999999Z
userso@email.com,-142266814,user,,Mr,Adilson,,So,1991/11/27,XX999999Z
userhoward@email.com,-142266814,user,,Mr,Simon,,Howard,1989/12/31,XX999999Z
userknevett@email.com,-142266814,user,,Mr,Christopher,,Knevett,1991/06/10,XX999999Z
userarkuoko@email.com,-142266814,user,,Mr,Robert,,Arkuoko,1991/05/04,XX999999Z
userbethel@email.com,-142266814,user,,Ms,Charlotte,,Bethel,1990/11/17,XX999999Z
userhalsey@email.com,-142266814,user,,Mr,Kane,,Halsey,1988/05/16,XX999999Z
