user,aid
userbull@email.com,1
userpaget@email.com,2
userschneider@email.com,3
usermarshall@email.com,4
useroyeleke@email.com,5
userbates@email.com,6
userazizi@email.com,7
usercolley@email.com,8
userphillips@email.com,9
usermacgregor@email.com,10
usersun@email.com,11
userhargreaves@email.com,12
userali@email.com,13
userchallenger@email.com,14
userlakes@email.com,15
usero'beirne@email.com,16
userbostock@email.com,17
userlamb@email.com,18
useryadav@email.com,19
userwalker@email.com,20
userscanlon@email.com,21
usermacleod@email.com,22
userburr@email.com,23
usergilbert@email.com,24
userkendall@email.com,25
userlemon@email.com,26
userasikpo-okon@email.com,27
userchadwick@email.com,28
userkodra@email.com,29
usergreen@email.com,30
userjoughin@email.com,31
userchouvier-taylor@email.com,32
userirving@email.com,33
userpalmer@email.com,34
userhallett@email.com,35
usertaylor1@email.com,36
usertaylor@email.com,37
userwinwood@email.com,38
userhayat@email.com,39
userfaux@email.com,40
userbailey@email.com,41
userbarauskaite@email.com,42
userford@email.com,43
usersnelgrove@email.com,44
usercollins@email.com,45
userfrewer@email.com,46
usersimmonds@email.com,47
usermckay@email.com,48
userchapman@email.com,49
userbuggy@email.com,50
userstefanou@email.com,51
userskutela@email.com,52
userhutsby@email.com,53
userhyman@email.com,54
userjones@email.com,55
userflinders@email.com,56
userso@email.com,57
userhoward@email.com,58
userknevett@email.com,59
userarkuoko@email.com,60
userbethel@email.com,61
userhalsey@email.com,62
